Frame,Estado
0,Encendida
1,Encendida
2,Encendida
3,Encendida
4,Encendida
5,Encendida
6,Encendida
7,Encendida
8,Encendida
9,Encendida
10,Encendida
11,Encendida
12,Apagada
13,Apagada
14,Apagada
15,Apagada
16,Encendida
17,Encendida
18,Encendida
19,Encendida
20,Encendida
21,Encendida
22,Encendida
23,Encendida
24,Apagada
25,Apagada
26,Apagada
27,Apagada
28,Apagada
29,Apagada
30,Apagada
31,Apagada
32,Encendida
33,Encendida
34,Encendida
35,Encendida
36,Encendida
37,Encendida
38,Encendida
39,Encendida
40,Encendida
41,Encendida
42,Encendida
43,Encendida
44,Encendida
45,Encendida
46,Encendida
47,Encendida
48,Encendida
49,Encendida
50,Apagada
51,Apagada
52,Apagada
53,Apagada
54,Apagada
55,Apagada
56,Apagada
57,Apagada
58,Apagada
59,Apagada
60,Encendida
61,Encendida
62,Encendida
63,Encendida
64,Encendida
65,Encendida
66,Encendida
67,Encendida
68,Encendida
69,Encendida
70,Encendida
71,Encendida
72,Encendida
73,Encendida
74,Encendida
75,Encendida
76,Encendida
77,Encendida
78,Encendida
79,Apagada
80,Apagada
81,Apagada
82,Apagada
83,Apagada
84,Apagada
85,Apagada
86,Encendida
87,Encendida
88,Encendida
89,Encendida
90,Encendida
91,Encendida
92,Encendida
93,Encendida
94,Encendida
95,Encendida
96,Encendida
97,Apagada
98,Apagada
99,Apagada
100,Apagada
101,Apagada
102,Apagada
103,Apagada
104,Apagada
105,Apagada
106,Apagada
107,Apagada
108,Apagada
109,Apagada
110,Encendida
111,Encendida
112,Encendida
113,Encendida
114,Encendida
115,Encendida
116,Encendida
117,Encendida
118,Encendida
119,Encendida
120,Encendida
121,Encendida
122,Encendida
123,Encendida
124,Encendida
125,Encendida
126,Encendida
127,Encendida
128,Encendida
129,Encendida
130,Encendida
131,Encendida
132,Apagada
133,Apagada
134,Apagada
135,Apagada
136,Apagada
137,Encendida
138,Encendida
139,Encendida
140,Encendida
141,Encendida
142,Encendida
143,Encendida
144,Encendida
145,Encendida
146,Encendida
147,Encendida
148,Encendida
149,Encendida
150,Encendida
151,Encendida
152,Encendida
153,Encendida
154,Encendida
155,Encendida
156,Encendida
157,Encendida
158,Apagada
159,Apagada
160,Apagada
161,Apagada
162,Apagada
163,Apagada
164,Apagada
165,Apagada
166,Apagada
167,Desconocida
168,Encendida
169,Encendida
170,Apagada
171,Apagada
172,Apagada
173,Apagada
174,Apagada
175,Apagada
176,Apagada
177,Apagada
178,Encendida
179,Encendida
180,Encendida
181,Encendida
182,Encendida
183,Encendida
184,Encendida
185,Encendida
186,Encendida
187,Apagada
188,Apagada
189,Desconocida
190,Desconocida
191,Desconocida
192,Desconocida
193,Desconocida
194,Desconocida
195,Encendida
196,Encendida
197,Encendida
198,Desconocida
199,Desconocida
200,Desconocida
201,Encendida
202,Encendida
203,Encendida
204,Encendida
205,Encendida
206,Encendida
207,Desconocida
208,Desconocida
209,Encendida
210,Encendida
211,Encendida
212,Encendida
213,Encendida
214,Encendida
215,Encendida
216,Encendida
217,Desconocida
218,Desconocida
219,Desconocida
220,Desconocida
221,Desconocida
222,Desconocida
223,Desconocida
224,Encendida
225,Encendida
226,Encendida
227,Encendida
228,Encendida
229,Encendida
230,Encendida
231,Encendida
232,Encendida
233,Encendida
234,Desconocida
235,Desconocida
236,Desconocida
237,Desconocida
238,Encendida
239,Encendida
240,Encendida
241,Encendida
242,Encendida
243,Encendida
244,Encendida
245,Encendida
246,Encendida
247,Encendida
248,Desconocida
249,Desconocida
250,Desconocida
251,Desconocida
252,Desconocida
253,Desconocida
254,Desconocida
255,Desconocida
256,Desconocida
257,Desconocida
258,Desconocida
259,Desconocida
260,Desconocida
261,Desconocida
262,Desconocida
263,Encendida
264,Encendida
265,Encendida
266,Encendida
267,Encendida
268,Encendida
269,Encendida
270,Encendida
271,Encendida
272,Encendida
273,Encendida
274,Encendida
275,Encendida
276,Desconocida
277,Desconocida
278,Desconocida
279,Desconocida
280,Desconocida
281,Desconocida
282,Desconocida
283,Desconocida
284,Desconocida
285,Desconocida
286,Desconocida
287,Encendida
288,Encendida
289,Encendida
290,Encendida
291,Encendida
292,Encendida
293,Encendida
294,Encendida
295,Desconocida
296,Desconocida
297,Encendida
298,Encendida
299,Encendida
300,Encendida
301,Encendida
302,Encendida
303,Encendida
304,Encendida
305,Encendida
306,Encendida
307,Encendida
308,Encendida
309,Encendida
310,Encendida
311,Encendida
312,Encendida
313,Encendida
314,Encendida
315,Encendida
316,Desconocida
317,Desconocida
318,Desconocida
319,Desconocida
320,Desconocida
321,Desconocida
322,Desconocida
323,Desconocida
324,Desconocida
325,Desconocida
326,Desconocida
327,Desconocida
328,Desconocida
329,Desconocida
330,Desconocida
331,Desconocida
332,Desconocida
333,Desconocida
334,Desconocida
335,Encendida
336,Encendida
337,Encendida
338,Encendida
339,Encendida
340,Encendida
341,Encendida
342,Encendida
343,Encendida
344,Encendida
345,Encendida
346,Desconocida
347,Desconocida
348,Desconocida
349,Desconocida
350,Desconocida
351,Desconocida
352,Desconocida
353,Desconocida
354,Desconocida
355,Desconocida
356,Desconocida
357,Desconocida
358,Desconocida
359,Desconocida
360,Desconocida
361,Desconocida
362,Desconocida
363,Desconocida
364,Desconocida
365,Desconocida
366,Desconocida
367,Desconocida
368,Desconocida
369,Desconocida
370,Desconocida
371,Desconocida
372,Desconocida
373,Desconocida
374,Desconocida
375,Desconocida
376,Desconocida
377,Desconocida
378,Desconocida
379,Desconocida
380,Desconocida
381,Desconocida
382,Desconocida
383,Desconocida
384,Desconocida
385,Desconocida
386,Desconocida
387,Desconocida
388,Desconocida
389,Desconocida
390,Desconocida
391,Desconocida
392,Desconocida
393,Desconocida
394,Desconocida
395,Desconocida
396,Desconocida
397,Desconocida
398,Desconocida
399,Desconocida
400,Desconocida
401,Desconocida
402,Desconocida
403,Desconocida
404,Desconocida
405,Desconocida
406,Desconocida
407,Desconocida
408,Desconocida
409,Desconocida
410,Desconocida
411,Desconocida
412,Desconocida
413,Desconocida
414,Desconocida
415,Desconocida
416,Desconocida
417,Desconocida
418,Desconocida
419,Desconocida
420,Desconocida
421,Desconocida
422,Desconocida
423,Desconocida
424,Desconocida
425,Desconocida
426,Desconocida
427,Desconocida
428,Desconocida
429,Desconocida
430,Desconocida
431,Desconocida
432,Desconocida
433,Desconocida
434,Desconocida
435,Desconocida
436,Desconocida
437,Desconocida
438,Desconocida
439,Desconocida
440,Desconocida
441,Desconocida
442,Desconocida
443,Desconocida
444,Desconocida
445,Desconocida
446,Desconocida
447,Desconocida
448,Desconocida
449,Desconocida
450,Desconocida
451,Desconocida
452,Desconocida
453,Desconocida
454,Desconocida
455,Desconocida
456,Desconocida
457,Desconocida
458,Desconocida
459,Desconocida
460,Desconocida
461,Desconocida
462,Desconocida
463,Desconocida
464,Desconocida
465,Desconocida
466,Desconocida
467,Desconocida
468,Desconocida
469,Desconocida
470,Desconocida
471,Desconocida
472,Desconocida
473,Desconocida
474,Desconocida
475,Desconocida
476,Desconocida
477,Desconocida
478,Desconocida
479,Desconocida
480,Desconocida
481,Desconocida
482,Desconocida
483,Desconocida
484,Desconocida
485,Desconocida
486,Desconocida
487,Desconocida
488,Desconocida
489,Desconocida
490,Desconocida
491,Desconocida
492,Desconocida
493,Desconocida
494,Desconocida
495,Desconocida
496,Desconocida
497,Desconocida
498,Desconocida
499,Desconocida
500,Desconocida
501,Desconocida
502,Desconocida
503,Desconocida
504,Desconocida
505,Desconocida
506,Desconocida
507,Desconocida
508,Desconocida
509,Desconocida
510,Desconocida
511,Desconocida
512,Desconocida
513,Desconocida
514,Desconocida
515,Desconocida
516,Desconocida
517,Desconocida
518,Desconocida
519,Desconocida
520,Desconocida
521,Desconocida
522,Desconocida
523,Desconocida
524,Desconocida
525,Desconocida
526,Desconocida
527,Desconocida
528,Desconocida
529,Desconocida
530,Desconocida
531,Desconocida
532,Desconocida
533,Desconocida
534,Desconocida
535,Desconocida
536,Desconocida
537,Desconocida
538,Desconocida
539,Encendida
540,Encendida
541,Encendida
542,Encendida
543,Encendida
544,Encendida
545,Encendida
546,Encendida
547,Encendida
548,Apagada
549,Apagada
550,Desconocida
551,Desconocida
552,Desconocida
553,Desconocida
554,Desconocida
555,Desconocida
556,Desconocida
557,Desconocida
558,Desconocida
559,Desconocida
560,Desconocida
561,Desconocida
562,Desconocida
563,Desconocida
564,Desconocida
565,Desconocida
566,Desconocida
567,Desconocida
568,Desconocida
569,Desconocida
570,Desconocida
571,Desconocida
572,Desconocida
573,Desconocida
574,Desconocida
575,Desconocida
576,Desconocida
577,Desconocida
578,Desconocida
579,Desconocida
580,Desconocida
581,Desconocida
582,Desconocida
583,Desconocida
584,Desconocida
585,Desconocida
586,Desconocida
587,Desconocida
588,Desconocida
589,Desconocida
590,Desconocida
591,Desconocida
592,Desconocida
593,Desconocida
594,Desconocida
595,Desconocida
596,Desconocida
597,Desconocida
598,Desconocida
599,Desconocida
600,Desconocida
601,Desconocida
602,Desconocida
603,Desconocida
604,Desconocida
605,Desconocida
606,Desconocida
607,Desconocida
608,Desconocida
609,Desconocida
610,Desconocida
611,Desconocida
612,Desconocida
613,Desconocida
614,Desconocida
615,Desconocida
616,Desconocida
617,Desconocida
618,Desconocida
619,Desconocida
620,Desconocida
621,Desconocida
622,Desconocida
623,Desconocida
624,Desconocida
625,Desconocida
626,Desconocida
627,Desconocida
628,Desconocida
629,Desconocida
630,Desconocida
631,Desconocida
632,Desconocida
633,Desconocida
634,Desconocida
635,Desconocida
636,Desconocida
637,Desconocida
638,Desconocida
639,Desconocida
640,Desconocida
641,Desconocida
642,Desconocida
643,Desconocida
644,Desconocida
645,Desconocida
646,Desconocida
647,Desconocida
648,Desconocida
649,Desconocida
650,Desconocida
651,Desconocida
652,Desconocida
653,Desconocida
654,Desconocida
655,Desconocida
656,Desconocida
657,Desconocida
658,Desconocida
659,Desconocida
660,Desconocida
661,Desconocida
662,Desconocida
663,Desconocida
664,Desconocida
665,Desconocida
666,Desconocida
667,Desconocida
668,Desconocida
669,Desconocida
670,Desconocida
671,Desconocida
672,Desconocida
673,Desconocida
674,Desconocida
675,Desconocida
676,Desconocida
677,Desconocida
678,Desconocida
679,Desconocida
680,Desconocida
681,Desconocida
682,Desconocida
683,Desconocida
684,Desconocida
685,Desconocida
686,Desconocida
687,Desconocida
688,Desconocida
689,Desconocida
690,Desconocida
691,Desconocida
692,Desconocida
693,Desconocida
694,Desconocida
695,Desconocida
696,Desconocida
697,Desconocida
698,Desconocida
699,Desconocida
700,Desconocida
701,Desconocida
702,Desconocida
703,Desconocida
704,Desconocida
705,Desconocida
706,Desconocida
707,Desconocida
708,Desconocida
709,Desconocida
710,Desconocida
711,Desconocida
712,Desconocida
713,Desconocida
714,Desconocida
715,Desconocida
716,Desconocida
717,Desconocida
718,Desconocida
719,Desconocida
720,Desconocida
721,Desconocida
722,Desconocida
723,Desconocida
724,Desconocida
725,Desconocida
726,Desconocida
727,Desconocida
728,Desconocida
729,Desconocida
730,Desconocida
731,Desconocida
732,Desconocida
733,Desconocida
734,Desconocida
735,Desconocida
736,Desconocida
737,Desconocida
738,Desconocida
739,Desconocida
740,Desconocida
741,Desconocida
742,Desconocida
743,Desconocida
744,Desconocida
745,Desconocida
746,Desconocida
747,Desconocida
748,Desconocida
749,Desconocida
750,Desconocida
751,Desconocida
752,Desconocida
753,Desconocida
754,Desconocida
755,Desconocida
756,Desconocida
757,Desconocida
758,Desconocida
759,Desconocida
760,Desconocida
761,Desconocida
762,Desconocida
763,Desconocida
764,Desconocida
765,Desconocida
766,Desconocida
767,Desconocida
768,Desconocida
769,Desconocida
770,Desconocida
771,Desconocida
772,Desconocida
773,Desconocida
774,Desconocida
775,Desconocida
776,Desconocida
777,Desconocida
778,Desconocida
779,Desconocida
780,Desconocida
781,Desconocida
782,Desconocida
783,Desconocida
784,Desconocida
785,Desconocida
786,Desconocida
787,Desconocida
788,Desconocida
789,Desconocida
790,Desconocida
791,Desconocida
792,Desconocida
793,Desconocida
794,Desconocida
795,Desconocida
796,Desconocida
797,Desconocida
798,Desconocida
799,Desconocida
800,Desconocida
801,Desconocida
802,Desconocida
803,Desconocida
804,Desconocida
805,Desconocida
806,Desconocida
807,Desconocida
808,Desconocida
809,Desconocida
810,Desconocida
811,Desconocida
812,Desconocida
813,Desconocida
814,Desconocida
815,Desconocida
816,Desconocida
817,Desconocida
818,Desconocida
819,Desconocida
820,Desconocida
821,Desconocida
822,Desconocida
823,Desconocida
824,Desconocida
825,Desconocida
826,Desconocida
827,Desconocida
828,Desconocida
829,Desconocida
830,Desconocida
831,Desconocida
832,Desconocida
833,Desconocida
834,Desconocida
835,Desconocida
836,Desconocida
837,Desconocida
838,Desconocida
839,Desconocida
840,Desconocida
841,Desconocida
842,Desconocida
843,Desconocida
844,Desconocida
845,Desconocida
846,Desconocida
847,Desconocida
848,Desconocida
849,Desconocida
850,Desconocida
851,Desconocida
852,Desconocida
853,Desconocida
854,Desconocida
855,Desconocida
856,Desconocida
857,Desconocida
858,Desconocida
859,Desconocida
860,Desconocida
861,Desconocida
862,Desconocida
863,Desconocida
864,Desconocida
865,Desconocida
866,Desconocida
867,Desconocida
868,Desconocida
869,Desconocida
870,Desconocida
871,Desconocida
872,Desconocida
873,Desconocida
874,Desconocida
875,Desconocida
876,Desconocida
877,Desconocida
878,Desconocida
879,Desconocida
880,Desconocida
881,Desconocida
882,Desconocida
883,Desconocida
884,Desconocida
885,Desconocida
886,Desconocida
887,Desconocida
888,Desconocida
889,Desconocida
890,Desconocida
891,Desconocida
892,Desconocida
893,Desconocida
894,Desconocida
895,Desconocida
896,Desconocida
897,Desconocida
898,Desconocida
899,Desconocida
900,Desconocida
901,Desconocida
902,Desconocida
903,Desconocida
904,Desconocida
905,Desconocida
906,Desconocida
907,Desconocida
908,Desconocida
909,Desconocida
910,Desconocida
911,Desconocida
912,Desconocida
913,Desconocida
914,Desconocida
915,Desconocida
916,Desconocida
917,Desconocida
918,Desconocida
919,Desconocida
920,Desconocida
921,Desconocida
922,Desconocida
923,Desconocida
924,Desconocida
925,Desconocida
926,Desconocida
927,Desconocida
928,Desconocida
929,Desconocida
930,Desconocida
931,Desconocida
932,Desconocida
933,Desconocida
934,Desconocida
935,Desconocida
936,Desconocida
937,Desconocida
938,Desconocida
939,Desconocida
940,Desconocida
941,Desconocida
942,Desconocida
943,Desconocida
944,Desconocida
945,Desconocida
946,Desconocida
947,Desconocida
948,Desconocida
949,Desconocida
950,Desconocida
951,Desconocida
952,Desconocida
953,Desconocida
954,Desconocida
955,Desconocida
956,Desconocida
957,Desconocida
958,Desconocida
959,Desconocida
960,Desconocida
961,Desconocida
962,Desconocida
963,Desconocida
964,Desconocida
965,Desconocida
966,Desconocida
967,Desconocida
968,Desconocida
969,Desconocida
970,Desconocida
971,Desconocida
972,Desconocida
973,Desconocida
974,Desconocida
975,Desconocida
976,Desconocida
977,Desconocida
978,Desconocida
979,Desconocida
980,Desconocida
981,Desconocida
982,Desconocida
983,Desconocida
984,Desconocida
985,Desconocida
986,Desconocida
987,Desconocida
988,Desconocida
989,Desconocida
990,Desconocida
991,Desconocida
992,Desconocida
993,Desconocida
994,Desconocida
995,Desconocida
996,Desconocida
997,Desconocida
998,Desconocida
999,Desconocida
1000,Desconocida
1001,Desconocida
1002,Desconocida
1003,Desconocida
1004,Desconocida
1005,Desconocida
1006,Desconocida
1007,Desconocida
1008,Desconocida
1009,Desconocida
1010,Desconocida
1011,Desconocida
1012,Desconocida
1013,Desconocida
1014,Desconocida
1015,Desconocida
1016,Desconocida
1017,Desconocida
1018,Desconocida
1019,Desconocida
1020,Desconocida
1021,Desconocida
1022,Desconocida
1023,Desconocida
1024,Desconocida
1025,Desconocida
1026,Desconocida
1027,Desconocida
1028,Desconocida
1029,Desconocida
1030,Desconocida
1031,Desconocida
1032,Desconocida
1033,Desconocida
1034,Desconocida
1035,Desconocida
1036,Desconocida
1037,Desconocida
1038,Desconocida
1039,Desconocida
1040,Desconocida
1041,Desconocida
1042,Desconocida
1043,Desconocida
1044,Desconocida
1045,Desconocida
1046,Desconocida
1047,Desconocida
1048,Desconocida
1049,Desconocida
1050,Desconocida
1051,Desconocida
1052,Desconocida
1053,Desconocida
1054,Desconocida
1055,Desconocida
1056,Desconocida
1057,Desconocida
1058,Desconocida
1059,Desconocida
1060,Desconocida
1061,Desconocida
1062,Desconocida
1063,Desconocida
1064,Desconocida
1065,Desconocida
1066,Desconocida
1067,Desconocida
1068,Desconocida
1069,Desconocida
1070,Desconocida
1071,Desconocida
1072,Desconocida
1073,Desconocida
1074,Desconocida
1075,Desconocida
1076,Desconocida
1077,Desconocida
1078,Desconocida
1079,Desconocida
1080,Desconocida
1081,Desconocida
1082,Desconocida
1083,Desconocida
1084,Desconocida
1085,Desconocida
1086,Desconocida
1087,Desconocida
1088,Desconocida
1089,Desconocida
1090,Desconocida
1091,Desconocida
1092,Desconocida
1093,Desconocida
1094,Desconocida
1095,Desconocida
1096,Desconocida
1097,Desconocida
1098,Desconocida
1099,Desconocida
1100,Desconocida
1101,Desconocida
1102,Desconocida
1103,Desconocida
1104,Desconocida
1105,Desconocida
1106,Desconocida
1107,Desconocida
1108,Desconocida
1109,Desconocida
1110,Desconocida
1111,Desconocida
1112,Desconocida
1113,Desconocida
1114,Desconocida
1115,Desconocida
1116,Desconocida
1117,Desconocida
1118,Desconocida
1119,Desconocida
1120,Desconocida
1121,Desconocida
1122,Desconocida
1123,Desconocida
1124,Desconocida
1125,Desconocida
1126,Desconocida
1127,Desconocida
1128,Desconocida
1129,Desconocida
1130,Desconocida
1131,Desconocida
1132,Desconocida
1133,Desconocida
1134,Desconocida
1135,Desconocida
1136,Desconocida
1137,Desconocida
1138,Desconocida
1139,Desconocida
1140,Desconocida
1141,Desconocida
1142,Desconocida
1143,Desconocida
1144,Desconocida
1145,Desconocida
1146,Desconocida
1147,Desconocida
1148,Desconocida
1149,Desconocida
1150,Desconocida
1151,Desconocida
1152,Desconocida
1153,Desconocida
1154,Desconocida
1155,Desconocida
1156,Desconocida
1157,Desconocida
1158,Desconocida
1159,Desconocida
1160,Desconocida
1161,Desconocida
1162,Desconocida
1163,Desconocida
1164,Desconocida
1165,Desconocida
1166,Desconocida
1167,Desconocida
1168,Desconocida
1169,Desconocida
1170,Desconocida
1171,Desconocida
1172,Desconocida
1173,Desconocida
1174,Desconocida
1175,Desconocida
1176,Desconocida
1177,Desconocida
1178,Desconocida
1179,Desconocida
1180,Desconocida
1181,Desconocida
1182,Desconocida
1183,Desconocida
1184,Desconocida
1185,Desconocida
1186,Desconocida
1187,Desconocida
1188,Desconocida
1189,Desconocida
1190,Desconocida
1191,Desconocida
1192,Desconocida
1193,Desconocida
1194,Desconocida
1195,Desconocida
1196,Desconocida
1197,Desconocida
1198,Desconocida
1199,Desconocida
1200,Desconocida
1201,Desconocida
1202,Desconocida
1203,Desconocida
1204,Desconocida
1205,Desconocida
1206,Desconocida
1207,Desconocida
1208,Desconocida
1209,Desconocida
1210,Desconocida
1211,Desconocida
1212,Desconocida
1213,Desconocida
1214,Desconocida
1215,Desconocida
1216,Desconocida
1217,Desconocida
1218,Desconocida
1219,Desconocida
1220,Desconocida
1221,Desconocida
1222,Desconocida
1223,Desconocida
1224,Desconocida
1225,Desconocida
1226,Desconocida
1227,Desconocida
1228,Desconocida
1229,Desconocida
1230,Desconocida
1231,Desconocida
1232,Desconocida
1233,Desconocida
1234,Desconocida
1235,Desconocida
1236,Desconocida
1237,Desconocida
1238,Desconocida
1239,Desconocida
1240,Desconocida
1241,Desconocida
1242,Desconocida
1243,Desconocida
1244,Desconocida
1245,Desconocida
1246,Desconocida
1247,Desconocida
1248,Desconocida
1249,Desconocida
1250,Desconocida
1251,Desconocida
1252,Desconocida
1253,Desconocida
1254,Desconocida
1255,Desconocida
1256,Desconocida
1257,Desconocida
1258,Desconocida
1259,Desconocida
1260,Desconocida
1261,Desconocida
1262,Desconocida
1263,Desconocida
1264,Desconocida
1265,Desconocida
1266,Desconocida
1267,Desconocida
1268,Desconocida
1269,Desconocida
1270,Desconocida
1271,Desconocida
1272,Desconocida
1273,Desconocida
1274,Desconocida
1275,Desconocida
1276,Desconocida
1277,Desconocida
1278,Desconocida
1279,Desconocida
1280,Desconocida
1281,Desconocida
1282,Desconocida
1283,Desconocida
1284,Desconocida
1285,Desconocida
1286,Desconocida
1287,Desconocida
1288,Desconocida
1289,Desconocida
1290,Desconocida
1291,Desconocida
1292,Desconocida
1293,Desconocida
1294,Desconocida
1295,Desconocida
1296,Desconocida
1297,Desconocida
1298,Desconocida
1299,Desconocida
1300,Desconocida
1301,Desconocida
1302,Desconocida
1303,Desconocida
1304,Desconocida
1305,Desconocida
1306,Desconocida
1307,Desconocida
1308,Desconocida
1309,Desconocida
1310,Desconocida
1311,Desconocida
1312,Desconocida
1313,Desconocida
1314,Desconocida
1315,Desconocida
1316,Desconocida
1317,Desconocida
1318,Desconocida
1319,Desconocida
1320,Desconocida
1321,Desconocida
1322,Desconocida
1323,Desconocida
1324,Desconocida
1325,Desconocida
1326,Desconocida
1327,Desconocida
1328,Desconocida
1329,Desconocida
1330,Desconocida
1331,Desconocida
1332,Desconocida
1333,Desconocida
1334,Desconocida
1335,Desconocida
1336,Desconocida
1337,Desconocida
1338,Desconocida
1339,Desconocida
1340,Desconocida
1341,Desconocida
1342,Desconocida
1343,Desconocida
1344,Desconocida
1345,Desconocida
1346,Desconocida
1347,Desconocida
1348,Desconocida
1349,Desconocida
1350,Desconocida
1351,Desconocida
1352,Desconocida
1353,Desconocida
1354,Desconocida
1355,Desconocida
1356,Desconocida
1357,Desconocida
1358,Desconocida
1359,Desconocida
1360,Desconocida
1361,Desconocida
1362,Desconocida
1363,Desconocida
1364,Desconocida
1365,Desconocida
1366,Desconocida
1367,Desconocida
1368,Desconocida
1369,Desconocida
1370,Desconocida
1371,Desconocida
1372,Desconocida
1373,Desconocida
1374,Desconocida
1375,Desconocida
1376,Desconocida
1377,Desconocida
1378,Desconocida
1379,Desconocida
1380,Desconocida
1381,Desconocida
1382,Desconocida
1383,Desconocida
1384,Desconocida
1385,Desconocida
1386,Desconocida
1387,Desconocida
1388,Desconocida
1389,Desconocida
1390,Desconocida
1391,Desconocida
1392,Desconocida
1393,Desconocida
1394,Desconocida
1395,Desconocida
1396,Desconocida
1397,Desconocida
1398,Desconocida
1399,Desconocida
1400,Desconocida
1401,Desconocida
1402,Desconocida
1403,Desconocida
1404,Desconocida
1405,Desconocida
1406,Desconocida
1407,Desconocida
1408,Desconocida
1409,Desconocida
1410,Desconocida
1411,Desconocida
1412,Desconocida
1413,Desconocida
1414,Desconocida
1415,Desconocida
1416,Desconocida
1417,Desconocida
1418,Desconocida
1419,Desconocida
1420,Desconocida
1421,Desconocida
1422,Desconocida
1423,Desconocida
1424,Desconocida
1425,Desconocida
1426,Desconocida
1427,Desconocida
1428,Desconocida
1429,Desconocida
1430,Desconocida
1431,Desconocida
1432,Desconocida
1433,Desconocida
1434,Desconocida
1435,Desconocida
1436,Desconocida
1437,Desconocida
1438,Desconocida
1439,Desconocida
1440,Desconocida
1441,Desconocida
1442,Desconocida
1443,Desconocida
1444,Desconocida
1445,Desconocida
1446,Desconocida
1447,Desconocida
1448,Desconocida
1449,Desconocida
1450,Desconocida
1451,Desconocida
1452,Desconocida
1453,Desconocida
1454,Desconocida
1455,Desconocida
1456,Desconocida
1457,Desconocida
1458,Desconocida
1459,Desconocida
1460,Desconocida
1461,Desconocida
1462,Desconocida
1463,Desconocida
1464,Desconocida
1465,Desconocida
1466,Desconocida
1467,Desconocida
1468,Desconocida
1469,Desconocida
1470,Desconocida
1471,Desconocida
1472,Desconocida
1473,Desconocida
1474,Desconocida
1475,Desconocida
1476,Desconocida
1477,Desconocida
1478,Desconocida
1479,Desconocida
1480,Desconocida
1481,Desconocida
1482,Desconocida
1483,Desconocida
1484,Desconocida
1485,Desconocida
1486,Desconocida
1487,Desconocida
1488,Desconocida
1489,Desconocida
1490,Desconocida
1491,Desconocida
1492,Desconocida
1493,Desconocida
1494,Desconocida
1495,Desconocida
1496,Desconocida
1497,Desconocida
1498,Desconocida
1499,Desconocida
1500,Desconocida
1501,Desconocida
1502,Desconocida
1503,Desconocida
1504,Desconocida
1505,Desconocida
1506,Desconocida
1507,Desconocida
1508,Desconocida
1509,Desconocida
1510,Desconocida
1511,Desconocida
1512,Desconocida
1513,Desconocida
1514,Desconocida
1515,Desconocida
1516,Desconocida
1517,Desconocida
1518,Desconocida
1519,Desconocida
1520,Desconocida
1521,Desconocida
1522,Desconocida
1523,Desconocida
1524,Desconocida
1525,Desconocida
1526,Desconocida
1527,Desconocida
1528,Desconocida
1529,Desconocida
1530,Desconocida
1531,Desconocida
1532,Desconocida
1533,Desconocida
1534,Desconocida
1535,Desconocida
1536,Desconocida
1537,Desconocida
1538,Desconocida
1539,Desconocida
1540,Desconocida
1541,Desconocida
1542,Desconocida
1543,Desconocida
1544,Desconocida
1545,Desconocida
1546,Desconocida
1547,Desconocida
1548,Desconocida
1549,Desconocida
1550,Desconocida
1551,Desconocida
1552,Desconocida
1553,Desconocida
1554,Desconocida
1555,Desconocida
1556,Desconocida
1557,Desconocida
1558,Desconocida
1559,Desconocida
1560,Desconocida
1561,Desconocida
1562,Desconocida
1563,Desconocida
1564,Desconocida
1565,Desconocida
1566,Desconocida
1567,Desconocida
1568,Desconocida
1569,Desconocida
1570,Desconocida
1571,Desconocida
1572,Desconocida
1573,Desconocida
1574,Desconocida
1575,Desconocida
1576,Desconocida
1577,Desconocida
1578,Desconocida
1579,Desconocida
1580,Desconocida
1581,Desconocida
1582,Desconocida
1583,Desconocida
1584,Desconocida
1585,Desconocida
1586,Desconocida
1587,Desconocida
1588,Desconocida
1589,Desconocida
1590,Desconocida
1591,Desconocida
1592,Desconocida
1593,Desconocida
1594,Desconocida
1595,Desconocida
1596,Desconocida
1597,Desconocida
1598,Desconocida
1599,Desconocida
1600,Desconocida
1601,Desconocida
1602,Desconocida
1603,Desconocida
1604,Desconocida
1605,Desconocida
1606,Desconocida
1607,Desconocida
1608,Desconocida
1609,Desconocida
1610,Desconocida
1611,Desconocida
1612,Desconocida
1613,Desconocida
1614,Desconocida
1615,Desconocida
1616,Desconocida
1617,Desconocida
1618,Desconocida
1619,Desconocida
1620,Desconocida
1621,Desconocida
1622,Desconocida
1623,Desconocida
1624,Desconocida
1625,Desconocida
1626,Desconocida
1627,Desconocida
1628,Desconocida
1629,Desconocida
1630,Desconocida
1631,Desconocida
1632,Desconocida
1633,Desconocida
1634,Desconocida
1635,Desconocida
1636,Desconocida
1637,Desconocida
1638,Desconocida
1639,Desconocida
1640,Desconocida
1641,Desconocida
1642,Desconocida
1643,Desconocida
1644,Desconocida
1645,Desconocida
1646,Desconocida
1647,Desconocida
1648,Desconocida
1649,Desconocida
1650,Desconocida
1651,Desconocida
1652,Desconocida
1653,Desconocida
1654,Desconocida
1655,Desconocida
1656,Desconocida
1657,Desconocida
1658,Desconocida
1659,Desconocida
1660,Desconocida
1661,Desconocida
1662,Desconocida
1663,Desconocida
1664,Desconocida
1665,Desconocida
1666,Desconocida
1667,Desconocida
1668,Desconocida
1669,Desconocida
1670,Desconocida
1671,Desconocida
1672,Desconocida
1673,Desconocida
1674,Desconocida
1675,Desconocida
1676,Desconocida
1677,Desconocida
1678,Desconocida
1679,Desconocida
1680,Desconocida
1681,Desconocida
1682,Desconocida
1683,Desconocida
1684,Desconocida
1685,Desconocida
1686,Desconocida
1687,Desconocida
1688,Desconocida
1689,Desconocida
1690,Desconocida
1691,Desconocida
1692,Desconocida
1693,Desconocida
1694,Desconocida
1695,Desconocida
1696,Desconocida
1697,Desconocida
1698,Desconocida
1699,Desconocida
1700,Desconocida
1701,Desconocida
1702,Desconocida
1703,Desconocida
1704,Desconocida
1705,Desconocida
1706,Desconocida
1707,Desconocida
1708,Desconocida
1709,Desconocida
1710,Desconocida
1711,Desconocida
1712,Desconocida
1713,Desconocida
1714,Desconocida
1715,Desconocida
1716,Desconocida
1717,Desconocida
1718,Desconocida
1719,Desconocida
1720,Desconocida
1721,Desconocida
1722,Desconocida
1723,Desconocida
1724,Desconocida
1725,Desconocida
1726,Desconocida
1727,Desconocida
1728,Desconocida
1729,Desconocida
1730,Desconocida
1731,Desconocida
1732,Desconocida
1733,Desconocida
1734,Desconocida
1735,Desconocida
1736,Desconocida
1737,Desconocida
1738,Desconocida
1739,Desconocida
1740,Desconocida
1741,Desconocida
1742,Desconocida
1743,Desconocida
1744,Desconocida
1745,Desconocida
1746,Desconocida
1747,Desconocida
1748,Desconocida
1749,Desconocida
1750,Desconocida
1751,Desconocida
1752,Desconocida
1753,Desconocida
1754,Desconocida
1755,Desconocida
1756,Desconocida
1757,Desconocida
1758,Desconocida
1759,Desconocida
1760,Desconocida
1761,Desconocida
1762,Desconocida
1763,Desconocida
1764,Desconocida
1765,Desconocida
1766,Desconocida
1767,Desconocida
1768,Desconocida
1769,Desconocida
1770,Desconocida
1771,Desconocida
1772,Desconocida
1773,Desconocida
1774,Desconocida
1775,Desconocida
1776,Desconocida
1777,Desconocida
1778,Desconocida
1779,Desconocida
1780,Desconocida
1781,Desconocida
1782,Desconocida
1783,Desconocida
1784,Desconocida
1785,Desconocida
1786,Desconocida
1787,Desconocida
1788,Desconocida
1789,Desconocida
1790,Desconocida
1791,Desconocida
1792,Desconocida
1793,Desconocida
1794,Desconocida
1795,Desconocida
1796,Desconocida
1797,Desconocida
1798,Desconocida
1799,Desconocida
1800,Desconocida
1801,Desconocida
1802,Desconocida
1803,Desconocida
1804,Desconocida
1805,Desconocida
1806,Desconocida
1807,Desconocida
1808,Desconocida
1809,Desconocida
1810,Desconocida
1811,Desconocida
1812,Desconocida
1813,Desconocida
1814,Desconocida
1815,Desconocida
1816,Desconocida
1817,Desconocida
1818,Desconocida
1819,Desconocida
1820,Desconocida
1821,Desconocida
1822,Desconocida
1823,Desconocida
1824,Desconocida
1825,Desconocida
1826,Desconocida
1827,Desconocida
1828,Desconocida
1829,Desconocida
1830,Desconocida
1831,Desconocida
1832,Desconocida
1833,Desconocida
1834,Desconocida
1835,Desconocida
1836,Desconocida
1837,Desconocida
1838,Desconocida
1839,Desconocida
1840,Desconocida
1841,Desconocida
1842,Desconocida
1843,Desconocida
1844,Desconocida
1845,Desconocida
1846,Desconocida
1847,Desconocida
1848,Desconocida
1849,Desconocida
1850,Desconocida
1851,Desconocida
1852,Desconocida
1853,Desconocida
1854,Desconocida
1855,Desconocida
1856,Desconocida
1857,Desconocida
1858,Desconocida
1859,Desconocida
1860,Desconocida
1861,Desconocida
1862,Desconocida
1863,Desconocida
1864,Desconocida
1865,Desconocida
1866,Desconocida
1867,Desconocida
1868,Desconocida
1869,Desconocida
1870,Desconocida
1871,Desconocida
1872,Desconocida
1873,Desconocida
1874,Desconocida
1875,Desconocida
1876,Desconocida
1877,Desconocida
1878,Desconocida
1879,Desconocida
1880,Desconocida
1881,Desconocida
1882,Desconocida
1883,Desconocida
1884,Desconocida
1885,Desconocida
1886,Desconocida
1887,Desconocida
1888,Desconocida
1889,Desconocida
1890,Desconocida
1891,Desconocida
1892,Desconocida
1893,Desconocida
1894,Desconocida
1895,Desconocida
1896,Desconocida
1897,Desconocida
1898,Desconocida
1899,Desconocida
1900,Desconocida
1901,Desconocida
1902,Desconocida
1903,Desconocida
1904,Desconocida
1905,Desconocida
1906,Desconocida
1907,Desconocida
1908,Desconocida
1909,Desconocida
1910,Desconocida
1911,Desconocida
1912,Desconocida
1913,Desconocida
1914,Desconocida
1915,Desconocida
1916,Desconocida
1917,Desconocida
1918,Desconocida
1919,Desconocida
1920,Desconocida
1921,Desconocida
1922,Desconocida
1923,Desconocida
1924,Desconocida
1925,Desconocida
1926,Desconocida
1927,Desconocida
1928,Desconocida
1929,Desconocida
1930,Desconocida
1931,Desconocida
1932,Desconocida
1933,Desconocida
1934,Desconocida
1935,Desconocida
1936,Desconocida
1937,Desconocida
1938,Desconocida
1939,Desconocida
1940,Desconocida
1941,Desconocida
1942,Desconocida
1943,Desconocida
1944,Desconocida
1945,Desconocida
1946,Desconocida
1947,Desconocida
